id;branch;tag;created_by;created_on;updated_by;updated_on
1;paradigms;wireless;73432;2023-05-12;76774;2023-05-11
2;Springs Incredible;Legacy bypassing Frozen;59756;2023-05-12;7452;2023-05-12
3;Loan connect Music;circuit program Roads;20709;2023-05-12;42214;2023-05-11
4;Bedfordshire Prairie;synthesizing withdrawal;61585;2023-05-12;63408;2023-05-11
5;withdrawal Seamless Account;Manager;61769;2023-05-11;29850;2023-05-12
6;Home;Money parsing Gloves;53854;2023-05-11;87212;2023-05-12
7;open-source;bluetooth Soap;60716;2023-05-11;76714;2023-05-12
8;invoice;Optimization;7616;2023-05-11;66024;2023-05-11
9;Peru multi-byte;Cheese;96947;2023-05-12;42980;2023-05-12
10;Texas archive;calculate encryption transmit;20650;2023-05-11;39137;2023-05-12
